"Tabela 4709 - População residente, Variação absoluta de população residente e Taxa de crescimento geométrico"
"Variável - População residente (Pessoas)"
"Brasil e Município";"Ano"
"Brasil e Município";"2022"
"Brasil";"203080756"
"Abaiara (CE)";"10038"
"Acarape (CE)";"14027"
"Acaraú (CE)";"65264"
"Acopiara (CE)";"44962"
"Aiuaba (CE)";"14076"
"Alcântaras (CE)";"11369"
"Altaneira (CE)";"6782"
"Alto Santo (CE)";"14155"
"Amontada (CE)";"42156"
"Antonina do Norte (CE)";"7245"
"Apuiarés (CE)";"12928"
"Aquiraz (CE)";"80645"
"Aracati (CE)";"75113"
"Aracoiaba (CE)";"25553"
"Ararendá (CE)";"11096"
"Araripe (CE)";"19783"
"Aratuba (CE)";"11224"
"Arneiroz (CE)";"7429"
"Assaré (CE)";"21697"
"Aurora (CE)";"23714"
"Baixio (CE)";"5704"
"Banabuiú (CE)";"17195"
"Barbalha (CE)";"75033"
"Barreira (CE)";"22392"
"Barro (CE)";"19381"
"Barroquinha (CE)";"14567"
"Baturité (CE)";"35218"
"Beberibe (CE)";"53114"
"Bela Cruz (CE)";"32775"
"Boa Viagem (CE)";"50411"
"Brejo Santo (CE)";"51090"
"Camocim (CE)";"62326"
"Campos Sales (CE)";"25135"
"Canindé (CE)";"74174"
"Capistrano (CE)";"17254"
"Caridade (CE)";"16377"
"Cariré (CE)";"17632"
"Caririaçu (CE)";"26320"
"Cariús (CE)";"17015"
"Carnaubal (CE)";"17210"
"Cascavel (CE)";"72720"
"Catarina (CE)";"10243"
"Catunda (CE)";"10444"
"Caucaia (CE)";"355679"
"Cedro (CE)";"22344"
"Chaval (CE)";"12462"
"Choró (CE)";"12113"
"Chorozinho (CE)";"20163"
"Coreaú (CE)";"20953"
"Crateús (CE)";"76390"
"Crato (CE)";"131050"
"Croatá (CE)";"17481"
"Cruz (CE)";"29761"
"Deputado Irapuan Pinheiro (CE)";"8932"
"Ereré (CE)";"6474"
"Eusébio (CE)";"74170"
"Farias Brito (CE)";"18217"
"Forquilha (CE)";"24173"
"Fortaleza (CE)";"2428708"
"Fortim (CE)";"17294"
"Frecheirinha (CE)";"15657"
"General Sampaio (CE)";"6734"
"Graça (CE)";"13801"
"Granja (CE)";"53344"
"Granjeiro (CE)";"4841"
"Groaíras (CE)";"10910"
"Guaiúba (CE)";"24325"
"Guaraciaba do Norte (CE)";"42053"
"Guaramiranga (CE)";"5654"
"Hidrolândia (CE)";"17855"
"Horizonte (CE)";"74755"
"Ibaretama (CE)";"11956"
"Ibiapina (CE)";"23965"
"Ibicuitinga (CE)";"11611"
"Icapuí (CE)";"21433"
"Icó (CE)";"62642"
"Iguatu (CE)";"98064"
"Independência (CE)";"24024"
"Ipaporanga (CE)";"11575"
"Ipaumirim (CE)";"12083"
"Ipu (CE)";"41081"
"Ipueiras (CE)";"36798"
"Iracema (CE)";"14001"
"Irauçuba (CE)";"23915"
"Itaiçaba (CE)";"7536"
"Itaitinga (CE)";"64650"
"Itapajé (CE)";"46426"
"Itapipoca (CE)";"131123"
"Itapiúna (CE)";"17841"
"Itarema (CE)";"42957"
"Itatira (CE)";"20424"
"Jaguaretama (CE)";"17232"
"Jaguaribara (CE)";"10356"
"Jaguaribe (CE)";"33726"
"Jaguaruana (CE)";"31701"
"Jardim (CE)";"27411"
"Jati (CE)";"7861"
"Jijoca de Jericoacoara (CE)";"25555"
"Juazeiro do Norte (CE)";"286120"
"Jucás (CE)";"23922"
"Lavras da Mangabeira (CE)";"30802"
"Limoeiro do Norte (CE)";"59560"
"Madalena (CE)";"16896"
"Maracanaú (CE)";"234509"
"Maranguape (CE)";"105093"
"Marco (CE)";"25799"
"Martinópole (CE)";"10846"
"Massapê (CE)";"37697"
"Mauriti (CE)";"45561"
"Meruoca (CE)";"15157"
"Milagres (CE)";"25900"
"Milhã (CE)";"14123"
"Miraíma (CE)";"14196"
"Missão Velha (CE)";"36822"
"Mombaça (CE)";"37735"
"Monsenhor Tabosa (CE)";"17149"
"Morada Nova (CE)";"61443"
"Moraújo (CE)";"8254"
"Morrinhos (CE)";"22753"
"Mucambo (CE)";"13666"
"Mulungu (CE)";"10569"
"Nova Olinda (CE)";"15399"
"Nova Russas (CE)";"30699"
"Novo Oriente (CE)";"27545"
"Ocara (CE)";"24493"
"Orós (CE)";"19675"
"Pacajus (CE)";"70983"
"Pacatuba (CE)";"81524"
"Pacoti (CE)";"11186"
"Pacujá (CE)";"6175"
"Palhano (CE)";"9346"
"Palmácia (CE)";"10242"
"Paracuru (CE)";"38980"
"Paraipaba (CE)";"32216"
"Parambu (CE)";"31445"
"Paramoti (CE)";"10384"
"Pedra Branca (CE)";"40187"
"Penaforte (CE)";"8972"
"Pentecoste (CE)";"37813"
"Pereiro (CE)";"15274"
"Pindoretama (CE)";"23391"
"Piquet Carneiro (CE)";"16616"
"Pires Ferreira (CE)";"10606"
"Poranga (CE)";"12065"
"Porteiras (CE)";"17050"
"Potengi (CE)";"8833"
"Potiretama (CE)";"5974"
"Quiterianópolis (CE)";"20213"
"Quixadá (CE)";"84168"
"Quixelô (CE)";"15910"
"Quixeramobim (CE)";"82177"
"Quixeré (CE)";"20874"
"Redenção (CE)";"27214"
"Reriutaba (CE)";"18606"
"Russas (CE)";"72928"
"Saboeiro (CE)";"13854"
"Salitre (CE)";"16633"
"Santana do Acaraú (CE)";"30628"
"Santana do Cariri (CE)";"16954"
"Santa Quitéria (CE)";"40183"
"São Benedito (CE)";"47640"
"São Gonçalo do Amarante (CE)";"54143"
"São João do Jaguaribe (CE)";"5855"
"São Luís do Curu (CE)";"10822"
"Senador Pompeu (CE)";"24266"
"Senador Sá (CE)";"7262"
"Sobral (CE)";"203023"
"Solonópole (CE)";"18179"
"Tabuleiro do Norte (CE)";"30652"
"Tamboril (CE)";"24815"
"Tarrafas (CE)";"7529"
"Tauá (CE)";"61227"
"Tejuçuoca (CE)";"17154"
"Tianguá (CE)";"81506"
"Trairi (CE)";"58415"
"Tururu (CE)";"15412"
"Ubajara (CE)";"32767"
"Umari (CE)";"6871"
"Umirim (CE)";"17470"
"Uruburetama (CE)";"20189"
"Uruoca (CE)";"13746"
"Varjota (CE)";"18105"
"Várzea Alegre (CE)";"38984"
"Viçosa do Ceará (CE)";"59712"
"Fonte: IBGE - Censo Demográfico"

"Notas"
"1- Dados do Universo."
"2- Para a obtenção da variação absoluta e da taxa de crescimento geométrico do período 2010/2022 foram utilizadas a população residente em 2010 (reconstituída de acordo com a base territorial de 2022) e a população residente em 2022, sendo que para este último ano foi incluída a população estimada (aproximadamente 8 milhões de habitantes) para os domicílios particulares permanentes ocupados sem entrevista."
"3- Os dados apresentados foram atualizados em 27/10/23 e se referem aos dados coletados até o dia 28/05/2023, com a incorporação das revisões realizadas entre 29/05/2023 e 07/07/2023."
"4- Os dados referentes aos municípios Abel Figueiredo (PA) e São Pedro da Água Branca (MA) foram corrigidos no dia 22/12/2023, impactando nos totais dos estados do Pará e do Maranhão e nos totais das Grandes Regiões do Norte e Nordeste."
""
"Legenda"
"Símbolo";"Significado"
"-";"Zero absoluto, não resultante de um cálculo ou arredondamento.
Ex: Em determinado município não existem pessoas de 14 anos de idade sem instrução."
"0";"Zero resultante de um cálculo ou arredondamento.
Ex: A inflação do feijão em determinada Região Metropolitana foi 0.
Determinado município produziu 400 kg de sementes de girassol e os dados da tabela são expressos em toneladas."
"X";"Valor inibido para não identificar o informante.
Ex: Determinado município só possui uma empresa produtora de cimento, logo o valor de sua produção deve ser inibido."
"..";"Valor não se aplica.
Ex: Não se pode obter o total da produção agrícola em determinado município quando os produtos agrícolas são contabilizados com unidades de medida distintas."
"...";"Valor não disponível.
Ex: A produção de feijão em determinado município não foi pesquisada ou determinado município não existia no ano da pesquisa."
"A a Z
(exceto X)";"Significa uma faixa de valores. Varia em função da tabela (se for o caso).
Ex: O nível de precisão da produção estimada de combustíveis está na faixa A (95 a 100%)"
